Payload,RTT
8,3.44855
16,4.10852
32,4.23389
64,4.15736
128,4.2375
256,4.32054
512,4.61522
1024,4.87221
2048,5.53184
4080,6.77543