{
    "ops": 40000,
    "file_size": 32768,
    "latency": 171.530090,
    "bandwidth": 7641341513.100329,
    "setup_lt": 4.554956,
    "task_lt": 45.597759,
    "cleanup_lt": 5.683347
}
